Numéro, Département,Zoneclimatique
01, Ain,H1
02, Aisne,H1
03, Allier,H1
04, Alpes de Haute Provence,H2
05, Hautes Alpes,H1
06, Alpes Maritimes,H3
07, Ardèche,H2
08, Ardennes,H1
09, Ariège,H2
10, Aube,H1
11, Aude,H3
12, Aveyron,H2
13, Bouches du Rhône,H3
14, Calvados,H1
15, Cantal,H1
16, Charente,H2
17, Charente Maritime,H2
18, Cher,H2
19, Corrèze,H1
21, Côte d'Or,H1
22, Côtes d'Armor,H2
23, Creuse,H1
24, Dordogne,H2
25, Doubs,H1
26, Drôme,H2
27, Eure,H1
28, Eure et Loir,H1
29, Finistère,H2
30, Gard,H3
31, Haute-Garonne,H2
32, Gers,H2
33, Gironde,H2
34, Hérault,H3
35, Ille et Vilaine,H2
36, Indre,H2
37, Indre et Loire,H2
38, Isère,H1
39, Jura,H1
40, Landes,H2
41, Loir et Cher,H2
42, Loire,H1
43, Haute-Loire,H1
44, Loire Atlantique,H2
45, Loiret,H1
46, Lot,H2
47, Lot et Garonne,H2
48, Lozère,H2
49, Maine et Loire,H2
50, Manche,H2
51, Marne,H1
52, Haute-Marne,H1
53, Mayenne,H2
54, Meurthe et Moselle,H1
55, Meuse,H1
56, Morbihan,H2
57, Moselle,H1
58, Nièvre,H1
59, Nord,H1
60, Oise,H1
61, Orne,H1
62, Pas de Calais,H1
63, Puy de Dôme,H1
64, Pyrénées Atlantiques,H2
65, Hautes Pyrénées,H2
66, Pyrénées Orientales,H3
67, Bas Rhin,H1
68, Haut Rhin,H1
69, Rhône,H1
70, Haute Saône,H1
71, Saône et Loire,H1
72, Sarthe,H2
73, Savoie,H1
74, Haute Savoie,H1
75, Paris,H1
76, Seine Maritime,H1
77, Seine et Marne,H1
78, Yvelines,H1
79, Deux Sèvres,H2
80, Somme,H1
81, Tarn,H2
82, Tarn et Garonne,H2
83, Var,H3
84, Vaucluse,H2
85, Vendée,H2
86, Vienne,H2
87, Haute Vienne,H1
88, Vosges,H1
89, Yonne,H1
90, Territoire de Belfort,H1
91, Essonne,H1
92, Hauts de Seine,H1
93, Seine Saint Denis,H1
94, Val de Marne,H1
95, Val d'Oise,H1